Superfamily	Clade	count	percentage
Copia	Ale	13	43.333333333333336
Copia	Alesia	1	3.3333333333333335
Copia	Angela	1	3.3333333333333335
Copia	Bianca	3	10
Copia	Ivana	3	10
Copia	SIRE	3	10
Copia	Tork	6	20
Gypsy	Athila	11	37.93103448275862
Gypsy	CRM	3	10.344827586206897
Gypsy	Reina	9	31.03448275862069
Gypsy	Retand	6	20.689655172413794
